Source,SS,DF,MS,F,p_unc,np2
species,146864214.15551874,2,73432107.07775937,343.626275205481,2.8923681333772844e-82,0.6696719536879614
Within,72443483.21290235,339,213697.590598532,,,
