Source,ddof1,H,p_unc
species,2,217.59924143680436,5.609512095829062e-48
